생물화학적산소요구량(BOD),용존산소(DO),전기전도도(EC),수온,총질소(T-N),총유기탄소(TOC),총인(T-P)
-0.3095524,-0.24539338,-0.06533626,-0.5108173,-0.20752557,0.46738404,-0.5025724
